<?xml version="1.0" encoding="utf-8"?>
<hibernate-configuration>
    <session-factory>
        <property name="hibernate.dialect">org.hibernate.dialect.MySQLDialect</property>
        <property name="hibernate.connection.driver_class">com.mysql.jdbc.Driver</property>
        <property name="hibernate.connection.username">ksiegarnia</property>
        <property name="hibernate.connection.password">xxxx</property>
        <property name="hibernate.connection.url">jdbc:mysql://localhost/ksiegarnia</property>
        <property name="hbm2ddl.auto">update</property>
        <property name="show_sql">false</property>
        <property name="connection.autocommit">true</property>
    </session-factory>
</hibernate-configuration>